[{"productos":[{"id":1,"nombre":"Pizza","descripcion":"Pizza de muzarella tradicional","precio":100,"foto":"https://cdn3.iconfinder.com/data/icons/street-food-and-food-trucker-1/64/pizza-fast-food-bake-bread-128.png","codigo":"COD01","stock":10},{"id":2,"nombre":"Pollo Frito","descripcion":"Patitas de pollo frito, super crujientes, super ricas.","precio":200,"foto":"https://cdn3.iconfinder.com/data/icons/street-food-and-food-trucker-1/64/fried-chicken-thigh-fast-food-128.png","codigo":"COD02","stock":20}],"id":1,"timestamp":1635969557021},{"productos":[],"id":2,"timestamp":1636055823651},{"productos":[],"id":3,"timestamp":1636055823922}]