[{"id":1,"timestamp":1635966036301,"nombre":"Pizza","descripcion":"Pizza de muzarella tradicional","codigo":"COD01","foto":"https://cdn3.iconfinder.com/data/icons/street-food-and-food-trucker-1/64/pizza-fast-food-bake-bread-128.png","precio":100,"stock":10},{"id":2,"timestamp":1635968778232,"nombre":"Pollo Frito","descripcion":"Patitas de pollo frito, super crujientes, super ricas.","codigo":"COD02","foto":"https://cdn3.iconfinder.com/data/icons/street-food-and-food-trucker-1/64/fried-chicken-thigh-fast-food-128.png","precio":200,"stock":20},{"id":3,"timestamp":1636053595591,"nombre":"Bebida","descripcion":"Una bebida bien fria","codigo":"COD03","foto":"https://cdn3.iconfinder.com/data/icons/street-food-and-food-trucker-1/64/ice-cream-cup-sweets-frozen-128.png","precio":"10","stock":"10"}]